[
  {
    "reference": "reference",
    "name": "j1",
    "x": 0,
    "q_w": 1,
    "y": 0,
    "z": 0,
    "q_y": 0,
    "q_x": 0,
    "radius": 1,
    "picking": -0.009999999776482582,
    "q_z": 0
  },
  {
    "reference": "j1",
    "name": "j2",
    "x": 11.820771217346191,
    "q_w": 1,
    "y": -5.539790777220333E-7,
    "z": -4.979335784912109,
    "q_y": 0,
    "q_x": 0,
    "radius": 1,
    "picking": -0.009999999776482582,
    "q_z": 0
  },
  {
    "reference": "j2",
    "name": "j3",
    "x": 15.543899536132812,
    "q_w": 1,
    "y": -1.3321943015398574E-7,
    "z": -1.5543863773345947,
    "q_y": 0,
    "q_x": 0,
    "radius": 1,
    "picking": -0.009999999776482582,
    "q_z": 0
  },
  {
    "reference": "j3",
    "name": "j4",
    "x": 13.834089279174805,
    "q_w": 1,
    "y": -4.629958638702192E-8,
    "z": -0.7771955728530884,
    "q_y": 0,
    "q_x": 0,
    "radius": 1,
    "picking": -0.009999999776482582,
    "q_z": 0
  },
  {
    "reference": "j1",
    "name": "j5",
    "x": 21.613433837890625,
    "q_w": 1,
    "y": 4.979680738870229E-7,
    "z": 3.569815158843994,
    "q_y": 0,
    "q_x": 0,
    "radius": 1,
    "picking": -0.009999999776482582,
    "q_z": 0
  },
  {
    "reference": "j5",
    "name": "j6",
    "x": 10.414419174194336,
    "q_w": 1,
    "y": 5.342251796491837E-8,
    "z": 0.15544384717941284,
    "q_y": 0,
    "q_x": 0,
    "radius": 1,
    "picking": -0.009999999776482582,
    "q_z": 0
  },
  {
    "reference": "j6",
    "name": "j7",
    "x": 11.813370704650879,
    "q_w": 1,
    "y": 2.063466695290117E-7,
    "z": 1.3989472389221191,
    "q_y": 0,
    "q_x": 0,
    "radius": 1,
    "picking": -0.009999999776482582,
    "q_z": 0
  },
  {
    "reference": "j1",
    "name": "j8",
    "x": 12.908844947814941,
    "q_w": 1,
    "y": 1.3211745226726634E-6,
    "z": 10.720013618469238,
    "q_y": 0,
    "q_x": 0,
    "radius": 1,
    "picking": -0.009999999776482582,
    "q_z": 0
  },
  {
    "reference": "j8",
    "name": "j9",
    "x": 13.212323188781738,
    "q_w": 1,
    "y": 2.666236014192691E-7,
    "z": 1.865269422531128,
    "q_y": 0,
    "q_x": 0,
    "radius": 1,
    "picking": -0.009999999776482582,
    "q_z": 0
  },
  {
    "reference": "j9",
    "name": "j10",
    "x": 13.834070205688477,
    "q_w": 1,
    "y": 1.575274097831425E-7,
    "z": 0.9326299428939819,
    "q_y": 0,
    "q_x": 0,
    "radius": 1,
    "picking": -0.009999999776482582,
    "q_z": 0
  },
  {
    "reference": "j1",
    "name": "j11",
    "x": -21.13231658935547,
    "q_w": 1,
    "y": 3.176944289862149E-7,
    "z": 3.258937120437622,
    "q_y": 0,
    "q_x": 0,
    "radius": 1,
    "picking": -0.009999999776482582,
    "q_z": 0
  },
  {
    "reference": "j11",
    "name": "j12",
    "x": -23.315868377685547,
    "q_w": 1,
    "y": 8.865124812018621E-8,
    "z": 1.3989520072937012,
    "q_y": 0,
    "q_x": 0,
    "radius": 1,
    "picking": -0.009999999776482582,
    "q_z": 0
  }
]